{
    "name": "ESPHap",
    "description": "Native support Apple HomeKit protocol with Arduino projects",
    "keywords": "Apple HomeKit native ESP32/ESP8266",
    "authors": [
        {
            "name": "Yurik72",
            "url": "https://github.com/Yurik72",
            "maintainer": true
        }
    ],
    "repository": {
        "type": "git",
        "url": "https://github.com/Yurik72/ESPHap"
    },
    "version": "1.0.3",
    "license": "MIT",

    "frameworks": "arduino",
    "platforms": "espressif32",
    "examples": "examples/*/*.ino",   
    "export": {
        "exclude": [
            "docs",
            "extras"
        ]
    },
    "build": {
        "srcFilter": [
            "+<*.c>",
            "+<*.cpp>",
            "+<*.h>"
        ],
        "libArchive": false
    } 
}
